	file	good	path
0	JabRefPreferences	False	src/main/java/net/sf/jabref/JabRefPreferences.java
1	Globals	False	src/main/java/net/sf/jabref/Globals.java
2	BasePanel	False	src/main/java/net/sf/jabref/gui/BasePanel.java
3	PdfImporter	False	src/main/java/net/sf/jabref/pdfimport/PdfImporter.java
4	OpenOfficePreferences	False	src/main/java/net/sf/jabref/logic/openoffice/OpenOfficePreferences.java
5	CleanupPreset	False	src/main/java/net/sf/jabref/logic/cleanup/CleanupPreset.java
6	Localization	False	src/main/java/net/sf/jabref/logic/l10n/Localization.java
7	HelpFiles	False	src/main/java/net/sf/jabref/gui/help/HelpFiles.java
8	SaveOrderConfig	False	src/main/java/net/sf/jabref/logic/config/SaveOrderConfig.java
9	IconTheme	False	src/main/java/net/sf/jabref/gui/IconTheme.java
10	NamedCompound	False	src/main/java/net/sf/jabref/gui/undo/NamedCompound.java
11	MetaData	False	src/main/java/net/sf/jabref/MetaData.java
12	ExportFormats	False	src/main/java/net/sf/jabref/exporter/ExportFormats.java
13	SpecialFieldsUtils	False	src/main/java/net/sf/jabref/specialfields/SpecialFieldsUtils.java
14	UpdateField	False	src/main/java/net/sf/jabref/logic/util/UpdateField.java
15	JabRefFrame	False	src/main/java/net/sf/jabref/gui/JabRefFrame.java
16	Rank	False	src/main/java/net/sf/jabref/specialfields/Rank.java
17	ProxyPreferences	False	src/main/java/net/sf/jabref/logic/net/ProxyPreferences.java
18	EntryFromFileCreator	False	src/main/java/net/sf/jabref/importer/EntryFromFileCreator.java
19	SpecialFieldValue	False	src/main/java/net/sf/jabref/specialfields/SpecialFieldValue.java
20	LabelPatternUtil	False	src/main/java/net/sf/jabref/logic/labelpattern/LabelPatternUtil.java
21	ChangeScanner	False	src/main/java/net/sf/jabref/collab/ChangeScanner.java
22	AutoSaveManager	False	src/main/java/net/sf/jabref/exporter/AutoSaveManager.java
23	Priority	False	src/main/java/net/sf/jabref/specialfields/Priority.java
24	IEEEXploreFetcher	False	src/main/java/net/sf/jabref/importer/fetcher/IEEEXploreFetcher.java
25	DatabaseExporter	False	src/main/java/net/sf/jabref/sql/exporter/DatabaseExporter.java
26	InternalBibtexFields	False	src/main/java/net/sf/jabref/model/entry/InternalBibtexFields.java
27	DBImportExportDialog	False	src/main/java/net/sf/jabref/sql/DBImportExportDialog.java
28	ExternalFileType	False	src/main/java/net/sf/jabref/external/ExternalFileType.java
29	SavePreferences	False	src/main/java/net/sf/jabref/exporter/SavePreferences.java
30	CustomExportList	False	src/main/java/net/sf/jabref/exporter/CustomExportList.java
31	BibDatabaseContext	False	src/main/java/net/sf/jabref/BibDatabaseContext.java
32	DBStringsPreferences	False	src/main/java/net/sf/jabref/sql/DBStringsPreferences.java
33	CustomImportList	False	src/main/java/net/sf/jabref/importer/CustomImportList.java
34	ReadStatus	False	src/main/java/net/sf/jabref/specialfields/ReadStatus.java
35	XMPUtil	False	src/main/java/net/sf/jabref/logic/xmp/XMPUtil.java
36	LatexFieldFormatter	False	src/main/java/net/sf/jabref/logic/bibtex/LatexFieldFormatter.java
37	EntryDeleteChange	False	src/main/java/net/sf/jabref/collab/EntryDeleteChange.java
38	EntryAddChange	False	src/main/java/net/sf/jabref/collab/EntryAddChange.java
39	EntryFromPDFCreator	False	src/main/java/net/sf/jabref/importer/EntryFromPDFCreator.java
40	UnlinkedFilesCrawler	False	src/main/java/net/sf/jabref/importer/UnlinkedFilesCrawler.java
41	AutoCompletePreferences	False	src/main/java/net/sf/jabref/logic/autocompleter/AutoCompletePreferences.java
42	DroppedFileHandler	False	src/main/java/net/sf/jabref/external/DroppedFileHandler.java
43	ExternalFileTypes	False	src/main/java/net/sf/jabref/external/ExternalFileTypes.java
44	EntryFromFileCreatorManager	False	src/main/java/net/sf/jabref/importer/EntryFromFileCreatorManager.java
45	BibDatabaseWriter	False	src/main/java/net/sf/jabref/exporter/BibDatabaseWriter.java
46	StringChange	False	src/main/java/net/sf/jabref/collab/StringChange.java
47	GroupChange	False	src/main/java/net/sf/jabref/collab/GroupChange.java
48	FindUnlinkedFilesDialog	False	src/main/java/net/sf/jabref/gui/FindUnlinkedFilesDialog.java
49	JabRefGUI	False	src/main/java/net/sf/jabref/JabRefGUI.java
50	FieldFormatterCleanups	False	src/main/java/net/sf/jabref/exporter/FieldFormatterCleanups.java
51	FileListTableModel	False	src/main/java/net/sf/jabref/gui/FileListTableModel.java
52	StringNameChange	False	src/main/java/net/sf/jabref/collab/StringNameChange.java
53	JournalAbbreviationLoader	False	src/main/java/net/sf/jabref/logic/journals/JournalAbbreviationLoader.java
54	StringAddChange	False	src/main/java/net/sf/jabref/collab/StringAddChange.java
55	InfoPane	False	src/main/java/net/sf/jabref/collab/InfoPane.java
56	StringUtil	False	src/main/java/net/sf/jabref/logic/util/strings/StringUtil.java
57	KeywordGroup	False	src/main/java/net/sf/jabref/logic/groups/KeywordGroup.java
58	ImportDialog	False	src/main/java/net/sf/jabref/pdfimport/ImportDialog.java
59	ImportFormatReader	False	src/main/java/net/sf/jabref/importer/ImportFormatReader.java
60	AutoSetLinks	False	src/main/java/net/sf/jabref/external/AutoSetLinks.java
61	EntryChange	False	src/main/java/net/sf/jabref/collab/EntryChange.java
62	ISBNtoBibTeXFetcher	False	src/main/java/net/sf/jabref/importer/fetcher/ISBNtoBibTeXFetcher.java
63	StringRemoveChange	False	src/main/java/net/sf/jabref/collab/StringRemoveChange.java
64	PreambleChange	False	src/main/java/net/sf/jabref/collab/PreambleChange.java
65	TimeStamp	False	src/main/java/net/sf/jabref/logic/util/date/TimeStamp.java
66	Defaults	False	src/main/java/net/sf/jabref/Defaults.java
67	FreeCiteImporter	False	src/main/java/net/sf/jabref/importer/fileformat/FreeCiteImporter.java
68	SpecialField	False	src/main/java/net/sf/jabref/specialfields/SpecialField.java
69	Quality	False	src/main/java/net/sf/jabref/specialfields/Quality.java
70	RemotePreferences	False	src/main/java/net/sf/jabref/logic/remote/RemotePreferences.java
71	EasyDateFormat	False	src/main/java/net/sf/jabref/logic/util/date/EasyDateFormat.java
72	ACMPortalFetcher	False	src/main/java/net/sf/jabref/importer/fetcher/ACMPortalFetcher.java
73	FileUtil	False	src/main/java/net/sf/jabref/logic/util/io/FileUtil.java
74	CustomEntryType	False	src/main/java/net/sf/jabref/model/entry/CustomEntryType.java
75	Printed	False	src/main/java/net/sf/jabref/specialfields/Printed.java
76	Relevance	False	src/main/java/net/sf/jabref/specialfields/Relevance.java
77	ExportFormat	False	src/main/java/net/sf/jabref/exporter/ExportFormat.java
78	FieldFormatterCleanup	False	src/main/java/net/sf/jabref/logic/cleanup/FieldFormatterCleanup.java
79	GoogleScholarFetcher	False	src/main/java/net/sf/jabref/importer/fetcher/GoogleScholarFetcher.java
80	XMPSchemaBibtex	False	src/main/java/net/sf/jabref/logic/xmp/XMPSchemaBibtex.java
81	WrapFileLinks	False	src/main/java/net/sf/jabref/logic/layout/format/WrapFileLinks.java
82	HtmlToLatexFormatter	False	src/main/java/net/sf/jabref/logic/formatter/bibtexfields/HtmlToLatexFormatter.java
83	FileLink	False	src/main/java/net/sf/jabref/logic/layout/format/FileLink.java
84	DBStrings	False	src/main/java/net/sf/jabref/sql/DBStrings.java
85	FileHistory	False	src/main/java/net/sf/jabref/logic/util/io/FileHistory.java
86	LastFocusedTabPreferences	False	src/main/java/net/sf/jabref/logic/preferences/LastFocusedTabPreferences.java
87	VersionPreferences	False	src/main/java/net/sf/jabref/logic/util/VersionPreferences.java
88	OpenDatabaseAction	False	src/main/java/net/sf/jabref/importer/OpenDatabaseAction.java
89	PreviewPanel	False	src/main/java/net/sf/jabref/gui/PreviewPanel.java
90	FetcherPreviewDialog	False	src/main/java/net/sf/jabref/gui/FetcherPreviewDialog.java
91	GroupTreeNode	False	src/main/java/net/sf/jabref/logic/groups/GroupTreeNode.java
92	BibEntryWriter	False	src/main/java/net/sf/jabref/logic/bibtex/BibEntryWriter.java
93	JabRefExecutorService	False	src/main/java/net/sf/jabref/JabRefExecutorService.java
94	MetaDataChange	False	src/main/java/net/sf/jabref/collab/MetaDataChange.java
95	AbstractLabelPattern	False	src/main/java/net/sf/jabref/logic/labelpattern/AbstractLabelPattern.java
96	UndoableInsertString	False	src/main/java/net/sf/jabref/gui/undo/UndoableInsertString.java
97	DatabaseFileLookup	False	src/main/java/net/sf/jabref/importer/DatabaseFileLookup.java
98	UndoableInsertEntry	False	src/main/java/net/sf/jabref/gui/undo/UndoableInsertEntry.java
99	CustomEntryTypesManager	False	src/main/java/net/sf/jabref/logic/CustomEntryTypesManager.java
100	FileListEntry	False	src/main/java/net/sf/jabref/gui/FileListEntry.java
101	GlobalLabelPattern	False	src/main/java/net/sf/jabref/logic/labelpattern/GlobalLabelPattern.java
102	ArgumentProcessor	False	src/main/java/net/sf/jabref/cli/ArgumentProcessor.java
103	BibEntry	False	src/main/java/net/sf/jabref/model/entry/BibEntry.java
104	JabRefDesktop	False	src/main/java/net/sf/jabref/gui/desktop/JabRefDesktop.java
105	SearchGroup	False	src/main/java/net/sf/jabref/logic/groups/SearchGroup.java
106	SaveSession	False	src/main/java/net/sf/jabref/exporter/SaveSession.java
107	DOItoBibTeXFetcher	False	src/main/java/net/sf/jabref/importer/fetcher/DOItoBibTeXFetcher.java
108	NameFormatter	False	src/main/java/net/sf/jabref/logic/layout/format/NameFormatter.java
109	DiVAtoBibTeXFetcher	False	src/main/java/net/sf/jabref/importer/fetcher/DiVAtoBibTeXFetcher.java
110	BibtexImporter	False	src/main/java/net/sf/jabref/importer/fileformat/BibtexImporter.java
111	TypedBibEntry	False	src/main/java/net/sf/jabref/logic/TypedBibEntry.java
112	DatabaseUtil	False	src/main/java/net/sf/jabref/sql/DatabaseUtil.java
113	UpgradePdfPsToFileCleanup	False	src/main/java/net/sf/jabref/logic/cleanup/UpgradePdfPsToFileCleanup.java
114	FieldContentParser	False	src/main/java/net/sf/jabref/logic/bibtex/FieldContentParser.java
115	AbstractWorker	False	src/main/java/net/sf/jabref/gui/worker/AbstractWorker.java
116	OS	False	src/main/java/net/sf/jabref/logic/util/OS.java
117	LatexToUnicodeFormatter	False	src/main/java/net/sf/jabref/logic/layout/format/LatexToUnicodeFormatter.java
118	EntryTypeDialog	False	src/main/java/net/sf/jabref/gui/EntryTypeDialog.java
119	CrossrefFetcherEvaluator	False	src/main/java/net/sf/jabref/importer/fetcher/CrossrefFetcherEvaluator.java
120	UndoableFieldChange	False	src/main/java/net/sf/jabref/gui/undo/UndoableFieldChange.java
121	UndoableStringChange	False	src/main/java/net/sf/jabref/gui/undo/UndoableStringChange.java
122	EntryEditorTabList	False	src/main/java/net/sf/jabref/gui/entryeditor/EntryEditorTabList.java
123	Change	False	src/main/java/net/sf/jabref/collab/Change.java
124	JabRefException	False	src/main/java/net/sf/jabref/JabRefException.java
125	BibDatabaseMode	False	src/main/java/net/sf/jabref/model/database/BibDatabaseMode.java
126	FileLinksCleanup	False	src/main/java/net/sf/jabref/logic/cleanup/FileLinksCleanup.java
127	EntryFromExternalFileCreator	False	src/main/java/net/sf/jabref/importer/EntryFromExternalFileCreator.java
128	EntryFetcher	False	src/main/java/net/sf/jabref/importer/fetcher/EntryFetcher.java
129	NativeDesktop	False	src/main/java/net/sf/jabref/gui/desktop/os/NativeDesktop.java
130	BibtexParser	False	src/main/java/net/sf/jabref/importer/fileformat/BibtexParser.java
131	LayoutEntry	False	src/main/java/net/sf/jabref/logic/layout/LayoutEntry.java
132	MainTable	False	src/main/java/net/sf/jabref/gui/maintable/MainTable.java
133	IntegrityCheck	False	src/main/java/net/sf/jabref/logic/integrity/IntegrityCheck.java
134	GroupTreeNodeViewModel	False	src/main/java/net/sf/jabref/gui/groups/GroupTreeNodeViewModel.java
135	OAI2Fetcher	False	src/main/java/net/sf/jabref/importer/fetcher/OAI2Fetcher.java
136	MedlineFetcher	False	src/main/java/net/sf/jabref/importer/fetcher/MedlineFetcher.java
137	HTMLChars	False	src/main/java/net/sf/jabref/logic/layout/format/HTMLChars.java
138	OOPreFormatter	False	src/main/java/net/sf/jabref/logic/openoffice/OOPreFormatter.java
139	ImportSettingsTab	False	src/main/java/net/sf/jabref/gui/preftabs/ImportSettingsTab.java
140	RTFChars	False	src/main/java/net/sf/jabref/logic/layout/format/RTFChars.java
141	GVKFetcher	False	src/main/java/net/sf/jabref/importer/fetcher/GVKFetcher.java
142	URLDownload	False	src/main/java/net/sf/jabref/logic/net/URLDownload.java
143	ADSFetcher	False	src/main/java/net/sf/jabref/importer/fetcher/ADSFetcher.java
144	CiteSeerXFetcher	False	src/main/java/net/sf/jabref/importer/fetcher/CiteSeerXFetcher.java
145	SpringerFetcher	False	src/main/java/net/sf/jabref/importer/fetcher/SpringerFetcher.java
146	DBLPFetcher	False	src/main/java/net/sf/jabref/importer/fetcher/DBLPFetcher.java
147	DOAJFetcher	False	src/main/java/net/sf/jabref/importer/fetcher/DOAJFetcher.java
148	ScienceDirectFetcher	False	src/main/java/net/sf/jabref/importer/fetcher/ScienceDirectFetcher.java
149	INSPIREFetcher	False	src/main/java/net/sf/jabref/importer/fetcher/INSPIREFetcher.java
150	PersistenceTableColumnListener	False	src/main/java/net/sf/jabref/gui/maintable/PersistenceTableColumnListener.java
151	JabRefMain	False	src/main/java/net/sf/jabref/JabRefMain.java
152	RemoveLatexCommands	False	src/main/java/net/sf/jabref/logic/layout/format/RemoveLatexCommands.java
153	RemoteListenerServerLifecycle	False	src/main/java/net/sf/jabref/logic/remote/server/RemoteListenerServerLifecycle.java
154	UndoableModifySubtree	False	src/main/java/net/sf/jabref/gui/groups/UndoableModifySubtree.java
155	ConvertLegacyExplicitGroups	False	src/main/java/net/sf/jabref/importer/ConvertLegacyExplicitGroups.java
156	EntryUtil	False	src/main/java/net/sf/jabref/model/entry/EntryUtil.java
157	MnemonicAwareAction	False	src/main/java/net/sf/jabref/gui/actions/MnemonicAwareAction.java
158	PdfFileFilter	False	src/main/java/net/sf/jabref/pdfimport/PdfFileFilter.java
159	UnlinkedPDFFileFilter	False	src/main/java/net/sf/jabref/importer/UnlinkedPDFFileFilter.java
160	DatabaseLabelPattern	False	src/main/java/net/sf/jabref/logic/labelpattern/DatabaseLabelPattern.java
161	ParseException	False	src/main/java/net/sf/jabref/importer/fileformat/ParseException.java
162	BasePanelMode	False	src/main/java/net/sf/jabref/gui/BasePanelMode.java
163	ImportInspectionDialog	False	src/main/java/net/sf/jabref/gui/ImportInspectionDialog.java
164	EntryEditor	False	src/main/java/net/sf/jabref/gui/entryeditor/EntryEditor.java
165	OOBibStyle	False	src/main/java/net/sf/jabref/logic/openoffice/OOBibStyle.java
166	MedlinePlainImporter	False	src/main/java/net/sf/jabref/importer/fileformat/MedlinePlainImporter.java
167	RisImporter	False	src/main/java/net/sf/jabref/importer/fileformat/RisImporter.java
168	FieldComparator	False	src/main/java/net/sf/jabref/logic/bibtex/comparator/FieldComparator.java
169	UnitsToLatexFormatter	False	src/main/java/net/sf/jabref/logic/formatter/bibtexfields/UnitsToLatexFormatter.java
170	StyleLoader	False	src/main/java/net/sf/jabref/logic/openoffice/StyleLoader.java
171	NormalizeDateFormatter	False	src/main/java/net/sf/jabref/logic/formatter/bibtexfields/NormalizeDateFormatter.java
172	NormalizePagesFormatter	False	src/main/java/net/sf/jabref/logic/formatter/bibtexfields/NormalizePagesFormatter.java
173	UndoableRemoveString	False	src/main/java/net/sf/jabref/gui/undo/UndoableRemoveString.java
174	UndoableRemoveEntry	False	src/main/java/net/sf/jabref/gui/undo/UndoableRemoveEntry.java
175	ProtectTermsFormatter	False	src/main/java/net/sf/jabref/logic/formatter/casechanger/ProtectTermsFormatter.java
176	UndoablePreambleChange	False	src/main/java/net/sf/jabref/gui/undo/UndoablePreambleChange.java
177	CountingUndoManager	False	src/main/java/net/sf/jabref/gui/undo/CountingUndoManager.java
178	LatexCleanupFormatter	False	src/main/java/net/sf/jabref/logic/formatter/bibtexfields/LatexCleanupFormatter.java
179	NormalizeMonthFormatter	False	src/main/java/net/sf/jabref/logic/formatter/bibtexfields/NormalizeMonthFormatter.java
180	RisAuthors	False	src/main/java/net/sf/jabref/logic/layout/format/RisAuthors.java
181	RisKeywords	False	src/main/java/net/sf/jabref/logic/layout/format/RisKeywords.java
182	PreviewEntryFetcher	False	src/main/java/net/sf/jabref/importer/fetcher/PreviewEntryFetcher.java
183	ExportComparator	False	src/main/java/net/sf/jabref/exporter/ExportComparator.java
184	TreeNode	False	src/main/java/net/sf/jabref/logic/groups/TreeNode.java
185	PostOpenAction	False	src/main/java/net/sf/jabref/importer/PostOpenAction.java
186	GroupSelector	True	src/main/java/net/sf/jabref/gui/groups/GroupSelector.java
187	OOBibBase	True	src/main/java/net/sf/jabref/gui/openoffice/OOBibBase.java
188	CaseKeeperList	True	src/main/java/net/sf/jabref/logic/formatter/casechanger/CaseKeeperList.java
189	VM	True	src/main/java/net/sf/jabref/bst/VM.java
190	BibLatexEntryTypes	True	src/main/java/net/sf/jabref/model/entry/BibLatexEntryTypes.java
191	TableColumnsTab	True	src/main/java/net/sf/jabref/gui/preftabs/TableColumnsTab.java
192	EmacsKeyBindings	True	src/main/java/net/sf/jabref/gui/keyboard/EmacsKeyBindings.java
193	OpenOfficePanel	True	src/main/java/net/sf/jabref/gui/openoffice/OpenOfficePanel.java
194	ManageJournalsPanel	True	src/main/java/net/sf/jabref/gui/journals/ManageJournalsPanel.java
195	TextInputDialog	True	src/main/java/net/sf/jabref/gui/plaintextimport/TextInputDialog.java
196	HTMLUnicodeConversionMaps	True	src/main/java/net/sf/jabref/logic/util/strings/HTMLUnicodeConversionMaps.java
197	MedlineHandler	True	src/main/java/net/sf/jabref/importer/fileformat/MedlineHandler.java
198	FileListEditor	True	src/main/java/net/sf/jabref/gui/fieldeditors/FileListEditor.java
199	StyleSelectDialog	True	src/main/java/net/sf/jabref/gui/openoffice/StyleSelectDialog.java
200	MainTableSelectionListener	True	src/main/java/net/sf/jabref/gui/maintable/MainTableSelectionListener.java
201	MergeEntries	True	src/main/java/net/sf/jabref/gui/mergeentries/MergeEntries.java
202	PdfContentImporter	True	src/main/java/net/sf/jabref/importer/fileformat/PdfContentImporter.java
203	GroupDialog	True	src/main/java/net/sf/jabref/gui/groups/GroupDialog.java
204	ContentSelectorDialog2	True	src/main/java/net/sf/jabref/gui/ContentSelectorDialog2.java
205	SearchResultsDialog	True	src/main/java/net/sf/jabref/gui/search/SearchResultsDialog.java
206	EntryCustomizationDialog	True	src/main/java/net/sf/jabref/gui/EntryCustomizationDialog.java
207	StringDialog	True	src/main/java/net/sf/jabref/gui/StringDialog.java
208	GVKParser	True	src/main/java/net/sf/jabref/importer/fetcher/GVKParser.java
209	FieldExtraComponents	True	src/main/java/net/sf/jabref/gui/entryeditor/FieldExtraComponents.java
210	GroupsTree	True	src/main/java/net/sf/jabref/gui/groups/GroupsTree.java
211	SynchronizeFileField	True	src/main/java/net/sf/jabref/external/SynchronizeFileField.java
212	AutoCompleteListener	True	src/main/java/net/sf/jabref/gui/autocompleter/AutoCompleteListener.java
213	ManageKeywordsAction	True	src/main/java/net/sf/jabref/gui/actions/ManageKeywordsAction.java
214	ExternalFileTypeEditor	True	src/main/java/net/sf/jabref/external/ExternalFileTypeEditor.java
215	IsiImporter	True	src/main/java/net/sf/jabref/importer/fileformat/IsiImporter.java
216	SaveDatabaseAction	True	src/main/java/net/sf/jabref/exporter/SaveDatabaseAction.java
217	FileListEntryEditor	True	src/main/java/net/sf/jabref/gui/FileListEntryEditor.java
218	EntryEditorTab	True	src/main/java/net/sf/jabref/gui/entryeditor/EntryEditorTab.java
219	BibDatabase	True	src/main/java/net/sf/jabref/model/database/BibDatabase.java
220	AuthorListParser	True	src/main/java/net/sf/jabref/model/entry/AuthorListParser.java
221	FieldSetComponent	True	src/main/java/net/sf/jabref/gui/FieldSetComponent.java
222	SearchBar	True	src/main/java/net/sf/jabref/gui/search/SearchBar.java
223	MODSEntry	True	src/main/java/net/sf/jabref/logic/mods/MODSEntry.java
224	LayoutHelper	True	src/main/java/net/sf/jabref/logic/layout/LayoutHelper.java
225	Authors	True	src/main/java/net/sf/jabref/logic/layout/format/Authors.java
226	ImportCustomizationDialog	True	src/main/java/net/sf/jabref/importer/ImportCustomizationDialog.java
227	MSBibEntry	True	src/main/java/net/sf/jabref/logic/msbib/MSBibEntry.java
228	NameFormatterTab	True	src/main/java/net/sf/jabref/gui/preftabs/NameFormatterTab.java
229	FileTab	True	src/main/java/net/sf/jabref/gui/preftabs/FileTab.java
230	BiblioscapeImporter	True	src/main/java/net/sf/jabref/importer/fileformat/BiblioscapeImporter.java
231	GeneralTab	True	src/main/java/net/sf/jabref/gui/preftabs/GeneralTab.java
232	TablePrefsTab	True	src/main/java/net/sf/jabref/gui/preftabs/TablePrefsTab.java
233	AutoDetectPaths	True	src/main/java/net/sf/jabref/gui/openoffice/AutoDetectPaths.java
234	MassSetFieldAction	True	src/main/java/net/sf/jabref/gui/actions/MassSetFieldAction.java
235	RightClickMenu	True	src/main/java/net/sf/jabref/gui/menus/RightClickMenu.java
236	BibtexNameFormatter	True	src/main/java/net/sf/jabref/bst/BibtexNameFormatter.java
237	DownloadExternalFile	True	src/main/java/net/sf/jabref/external/DownloadExternalFile.java
238	GeneralFetcher	True	src/main/java/net/sf/jabref/importer/fetcher/GeneralFetcher.java
239	UnicodeToReadableCharMap	True	src/main/java/net/sf/jabref/logic/util/strings/UnicodeToReadableCharMap.java
240	EntryTableTransferHandler	True	src/main/java/net/sf/jabref/gui/groups/EntryTableTransferHandler.java
241	DatabasePropertiesDialog	True	src/main/java/net/sf/jabref/gui/dbproperties/DatabasePropertiesDialog.java
242	FieldFormatterCleanupsPanel	True	src/main/java/net/sf/jabref/gui/cleanup/FieldFormatterCleanupsPanel.java
243	EntryEditorPrefsTab	True	src/main/java/net/sf/jabref/gui/preftabs/EntryEditorPrefsTab.java
244	AppearancePrefsTab	True	src/main/java/net/sf/jabref/gui/preftabs/AppearancePrefsTab.java
245	PushToApplicationButton	True	src/main/java/net/sf/jabref/external/push/PushToApplicationButton.java
246	RtfCharMap	True	src/main/java/net/sf/jabref/logic/util/strings/RtfCharMap.java
247	Author	True	src/main/java/net/sf/jabref/model/entry/Author.java
248	RepecNepImporter	True	src/main/java/net/sf/jabref/importer/fileformat/RepecNepImporter.java
249	PreferencesDialog	True	src/main/java/net/sf/jabref/gui/preftabs/PreferencesDialog.java
250	AuthorList	True	src/main/java/net/sf/jabref/model/entry/AuthorList.java
251	ExternalFileTypeEntryEditor	True	src/main/java/net/sf/jabref/external/ExternalFileTypeEntryEditor.java
252	EndnoteImporter	True	src/main/java/net/sf/jabref/importer/fileformat/EndnoteImporter.java
253	DatabaseImporter	True	src/main/java/net/sf/jabref/sql/importer/DatabaseImporter.java
254	WriteXMPAction	True	src/main/java/net/sf/jabref/external/WriteXMPAction.java
255	LabelPatternPanel	True	src/main/java/net/sf/jabref/gui/labelpattern/LabelPatternPanel.java
256	PreviewPrefsTab	True	src/main/java/net/sf/jabref/gui/preftabs/PreviewPrefsTab.java
257	BibtexCaseChanger	True	src/main/java/net/sf/jabref/bst/BibtexCaseChanger.java
258	MainTableDataModel	True	src/main/java/net/sf/jabref/gui/maintable/MainTableDataModel.java
259	FontSelectorDialog	True	src/main/java/net/sf/jabref/gui/preftabs/FontSelectorDialog.java
260	DuplicateCheck	True	src/main/java/net/sf/jabref/model/DuplicateCheck.java
261	OOUtil	True	src/main/java/net/sf/jabref/logic/openoffice/OOUtil.java
262	JabRefCLI	True	src/main/java/net/sf/jabref/cli/JabRefCLI.java
263	ImportMenuItem	True	src/main/java/net/sf/jabref/importer/ImportMenuItem.java
264	XmpPrefsTab	True	src/main/java/net/sf/jabref/gui/preftabs/XmpPrefsTab.java
265	DBConnectDialog	True	src/main/java/net/sf/jabref/sql/DBConnectDialog.java
266	CitationManager	True	src/main/java/net/sf/jabref/gui/openoffice/CitationManager.java
267	SidePaneManager	True	src/main/java/net/sf/jabref/gui/SidePaneManager.java
268	BibtexWidth	True	src/main/java/net/sf/jabref/bst/BibtexWidth.java
269	FromAuxDialog	True	src/main/java/net/sf/jabref/gui/auximport/FromAuxDialog.java
270	OvidImporter	True	src/main/java/net/sf/jabref/importer/fileformat/OvidImporter.java
271	ReplaceStringDialog	True	src/main/java/net/sf/jabref/gui/ReplaceStringDialog.java
272	RegExpFileSearch	True	src/main/java/net/sf/jabref/external/RegExpFileSearch.java
273	GrammarBasedSearchRule	True	src/main/java/net/sf/jabref/logic/search/rules/GrammarBasedSearchRule.java
274	OpenDocumentRepresentation	True	src/main/java/net/sf/jabref/exporter/OpenDocumentRepresentation.java
275	OOCalcDatabase	True	src/main/java/net/sf/jabref/exporter/OOCalcDatabase.java
276	PreambleEditor	True	src/main/java/net/sf/jabref/gui/PreambleEditor.java
277	DuplicateSearch	True	src/main/java/net/sf/jabref/gui/DuplicateSearch.java
278	AutoGroupDialog	True	src/main/java/net/sf/jabref/gui/groups/AutoGroupDialog.java
279	JSONEntryParser	True	src/main/java/net/sf/jabref/importer/fileformat/JSONEntryParser.java
280	MoveFileAction	True	src/main/java/net/sf/jabref/external/MoveFileAction.java
281	FileLinksUpgradeWarning	True	src/main/java/net/sf/jabref/migrations/FileLinksUpgradeWarning.java
282	CustomExportDialog	True	src/main/java/net/sf/jabref/exporter/CustomExportDialog.java
283	GroupAddRemoveDialog	True	src/main/java/net/sf/jabref/gui/groups/GroupAddRemoveDialog.java
284	SilverPlatterImporter	True	src/main/java/net/sf/jabref/importer/fileformat/SilverPlatterImporter.java
285	AutoCompleteSupport	True	src/main/java/net/sf/jabref/gui/autocompleter/AutoCompleteSupport.java
286	BibtexEntryTypes	True	src/main/java/net/sf/jabref/model/entry/BibtexEntryTypes.java
287	DbImportAction	True	src/main/java/net/sf/jabref/sql/importer/DbImportAction.java
288	SpecialMainTableColumns	True	src/main/java/net/sf/jabref/gui/maintable/SpecialMainTableColumns.java
289	GenFieldsCustomizer	True	src/main/java/net/sf/jabref/gui/GenFieldsCustomizer.java
290	ExportCustomizationDialog	True	src/main/java/net/sf/jabref/exporter/ExportCustomizationDialog.java
291	NetworkTab	True	src/main/java/net/sf/jabref/gui/preftabs/NetworkTab.java
292	AdvancedTab	True	src/main/java/net/sf/jabref/gui/preftabs/AdvancedTab.java
293	TextField	True	src/main/java/net/sf/jabref/gui/fieldeditors/TextField.java
294	FileUpdateMonitor	True	src/main/java/net/sf/jabref/collab/FileUpdateMonitor.java
295	ZipFileChooser	True	src/main/java/net/sf/jabref/importer/ZipFileChooser.java
296	AppendDatabaseAction	True	src/main/java/net/sf/jabref/importer/AppendDatabaseAction.java
297	EntryMarker	True	src/main/java/net/sf/jabref/gui/EntryMarker.java
298	UrlDragDrop	True	src/main/java/net/sf/jabref/gui/UrlDragDrop.java
299	PushToEmacs	True	src/main/java/net/sf/jabref/external/push/PushToEmacs.java
300	CleanupAction	True	src/main/java/net/sf/jabref/gui/actions/CleanupAction.java
301	ColorSetupPanel	True	src/main/java/net/sf/jabref/gui/preftabs/ColorSetupPanel.java
302	FileDialogs	True	src/main/java/net/sf/jabref/gui/FileDialogs.java
303	LabelPatternPrefTab	True	src/main/java/net/sf/jabref/gui/preftabs/LabelPatternPrefTab.java
304	PostgreSQL	True	src/main/java/net/sf/jabref/sql/database/PostgreSQL.java
305	MergeEntryDOIDialog	True	src/main/java/net/sf/jabref/gui/mergeentries/MergeEntryDOIDialog.java
306	NameFieldAutoCompleter	True	src/main/java/net/sf/jabref/logic/autocompleter/NameFieldAutoCompleter.java
307	ExplicitGroup	True	src/main/java/net/sf/jabref/logic/groups/ExplicitGroup.java
308	GroupsPrefsTab	True	src/main/java/net/sf/jabref/gui/preftabs/GroupsPrefsTab.java
309	JTextAreaWithHighlighting	True	src/main/java/net/sf/jabref/gui/fieldeditors/JTextAreaWithHighlighting.java
310	ChangeDisplayDialog	True	src/main/java/net/sf/jabref/collab/ChangeDisplayDialog.java
311	MySQL	True	src/main/java/net/sf/jabref/sql/database/MySQL.java
312	SQLUtil	True	src/main/java/net/sf/jabref/sql/SQLUtil.java
313	AbstractPushToApplication	True	src/main/java/net/sf/jabref/external/push/AbstractPushToApplication.java
314	CleanupPresetPanel	True	src/main/java/net/sf/jabref/gui/cleanup/CleanupPresetPanel.java
315	DragDropPane	True	src/main/java/net/sf/jabref/gui/DragDropPane.java
316	OpenDocumentSpreadsheetCreator	True	src/main/java/net/sf/jabref/exporter/OpenDocumentSpreadsheetCreator.java
317	ParserResult	True	src/main/java/net/sf/jabref/importer/ParserResult.java
318	DuplicateResolverDialog	True	src/main/java/net/sf/jabref/gui/DuplicateResolverDialog.java
319	PushToVim	True	src/main/java/net/sf/jabref/external/push/PushToVim.java
320	XmlCharsMap	True	src/main/java/net/sf/jabref/logic/util/strings/XmlCharsMap.java
321	InspecImporter	True	src/main/java/net/sf/jabref/importer/fileformat/InspecImporter.java
322	CopacImporter	True	src/main/java/net/sf/jabref/importer/fileformat/CopacImporter.java
323	MainTableColumn	True	src/main/java/net/sf/jabref/gui/maintable/MainTableColumn.java
324	GUIGlobals	True	src/main/java/net/sf/jabref/gui/GUIGlobals.java
325	KeyBindingsDialog	True	src/main/java/net/sf/jabref/gui/keyboard/KeyBindingsDialog.java
326	MSBibConverter	True	src/main/java/net/sf/jabref/logic/msbib/MSBibConverter.java
327	EntryTypeList	True	src/main/java/net/sf/jabref/gui/EntryTypeList.java
328	FieldContentSelector	True	src/main/java/net/sf/jabref/gui/FieldContentSelector.java
329	ResolveDuplicateLabelDialog	True	src/main/java/net/sf/jabref/gui/labelpattern/ResolveDuplicateLabelDialog.java
330	WriteXMPEntryEditorAction	True	src/main/java/net/sf/jabref/external/WriteXMPEntryEditorAction.java
331	AuxParser	True	src/main/java/net/sf/jabref/logic/auxparser/AuxParser.java
332	FileListEditorTransferHandler	True	src/main/java/net/sf/jabref/gui/fieldeditors/FileListEditorTransferHandler.java
333	KeyBinding	True	src/main/java/net/sf/jabref/gui/keyboard/KeyBinding.java
334	GroupTreeCellRenderer	True	src/main/java/net/sf/jabref/gui/groups/GroupTreeCellRenderer.java
335	OpenOfficeDocumentCreator	True	src/main/java/net/sf/jabref/exporter/OpenOfficeDocumentCreator.java
336	TextArea	True	src/main/java/net/sf/jabref/gui/fieldeditors/TextArea.java
337	MSBibMapping	True	src/main/java/net/sf/jabref/logic/msbib/MSBibMapping.java
338	Version	True	src/main/java/net/sf/jabref/logic/util/Version.java
339	UndoableAddOrRemoveGroup	True	src/main/java/net/sf/jabref/gui/groups/UndoableAddOrRemoveGroup.java
340	MainTableFormat	True	src/main/java/net/sf/jabref/gui/maintable/MainTableFormat.java
341	BibtexSingleField	True	src/main/java/net/sf/jabref/model/entry/BibtexSingleField.java
342	EntryTypes	True	src/main/java/net/sf/jabref/model/EntryTypes.java
343	ExportToClipboardAction	True	src/main/java/net/sf/jabref/exporter/ExportToClipboardAction.java
344	ImportFormats	True	src/main/java/net/sf/jabref/importer/ImportFormats.java
345	JabRefPreferencesFilterDialog	True	src/main/java/net/sf/jabref/JabRefPreferencesFilterDialog.java
346	Layout	True	src/main/java/net/sf/jabref/logic/layout/Layout.java
347	EntryComparator	True	src/main/java/net/sf/jabref/logic/bibtex/comparator/EntryComparator.java
348	FileField	True	src/main/java/net/sf/jabref/model/entry/FileField.java
349	SearchQuery	True	src/main/java/net/sf/jabref/logic/search/SearchQuery.java
350	SendAsEMailAction	True	src/main/java/net/sf/jabref/gui/worker/SendAsEMailAction.java
351	ExternalTab	True	src/main/java/net/sf/jabref/gui/preftabs/ExternalTab.java
352	MergeDialog	True	src/main/java/net/sf/jabref/gui/MergeDialog.java
353	BibtexString	True	src/main/java/net/sf/jabref/model/entry/BibtexString.java
354	FieldTextMenu	True	src/main/java/net/sf/jabref/gui/fieldeditors/contextmenu/FieldTextMenu.java
355	MSBibDatabase	True	src/main/java/net/sf/jabref/logic/msbib/MSBibDatabase.java
356	PushToLyx	True	src/main/java/net/sf/jabref/external/push/PushToLyx.java
357	VerticalLabelUI	True	src/main/java/net/sf/jabref/gui/util/component/VerticalLabelUI.java
358	AdvancedCiteDialog	True	src/main/java/net/sf/jabref/gui/openoffice/AdvancedCiteDialog.java
359	DOI	True	src/main/java/net/sf/jabref/logic/util/DOI.java
360	PersonName	True	src/main/java/net/sf/jabref/logic/mods/PersonName.java
361	SaveOrderConfigDisplay	True	src/main/java/net/sf/jabref/gui/SaveOrderConfigDisplay.java
362	BibTeXConverter	True	src/main/java/net/sf/jabref/logic/msbib/BibTeXConverter.java
363	GrammarBasedSearchRuleDescriber	True	src/main/java/net/sf/jabref/logic/search/rules/describer/GrammarBasedSearchRuleDescriber.java
364	JournalAbbreviationRepository	True	src/main/java/net/sf/jabref/logic/journals/JournalAbbreviationRepository.java
365	RenamePdfCleanup	True	src/main/java/net/sf/jabref/logic/cleanup/RenamePdfCleanup.java
366	AbstractGroup	True	src/main/java/net/sf/jabref/logic/groups/AbstractGroup.java
367	Cookie	True	src/main/java/net/sf/jabref/logic/net/Cookie.java
368	CrossRef	True	src/main/java/net/sf/jabref/importer/fetcher/CrossRef.java
369	MonthUtil	True	src/main/java/net/sf/jabref/model/entry/MonthUtil.java
370	OpenOfficeFileSearch	True	src/main/java/net/sf/jabref/logic/openoffice/OpenOfficeFileSearch.java
371	CustomImporter	True	src/main/java/net/sf/jabref/importer/CustomImporter.java
372	FileSortTab	True	src/main/java/net/sf/jabref/gui/preftabs/FileSortTab.java
373	ExternalFileMenuItem	True	src/main/java/net/sf/jabref/external/ExternalFileMenuItem.java
374	ArXiv	True	src/main/java/net/sf/jabref/logic/fulltext/ArXiv.java
375	AddToGroupAction	True	src/main/java/net/sf/jabref/gui/groups/AddToGroupAction.java
376	KeyBindingPreferences	True	src/main/java/net/sf/jabref/gui/keyboard/KeyBindingPreferences.java
377	MergeEntriesDialog	True	src/main/java/net/sf/jabref/gui/mergeentries/MergeEntriesDialog.java
378	AboutDialog	True	src/main/java/net/sf/jabref/gui/help/AboutDialog.java
379	AutosaveStartupPrompter	True	src/main/java/net/sf/jabref/importer/AutosaveStartupPrompter.java
380	MedlineImporter	True	src/main/java/net/sf/jabref/importer/fileformat/MedlineImporter.java
381	OAI2Handler	True	src/main/java/net/sf/jabref/importer/OAI2Handler.java
382	JabRefPreferencesFilter	True	src/main/java/net/sf/jabref/JabRefPreferencesFilter.java
383	PositionWindow	True	src/main/java/net/sf/jabref/gui/util/PositionWindow.java
384	PreferencesMigrations	True	src/main/java/net/sf/jabref/migrations/PreferencesMigrations.java
385	SearchFixDuplicateLabels	True	src/main/java/net/sf/jabref/gui/labelpattern/SearchFixDuplicateLabels.java
386	WrapLayout	True	src/main/java/net/sf/jabref/gui/WrapLayout.java
387	AbstractAutoCompleter	True	src/main/java/net/sf/jabref/logic/autocompleter/AbstractAutoCompleter.java
388	ImportFormat	True	src/main/java/net/sf/jabref/importer/fileformat/ImportFormat.java
389	ClipBoardManager	True	src/main/java/net/sf/jabref/gui/ClipBoardManager.java
390	AbbreviationParser	True	src/main/java/net/sf/jabref/logic/journals/AbbreviationParser.java
391	EntryEditorTabFocusListener	True	src/main/java/net/sf/jabref/gui/entryeditor/EntryEditorTabFocusListener.java
392	FieldChange	True	src/main/java/net/sf/jabref/model/FieldChange.java
393	MarkEntriesAction	True	src/main/java/net/sf/jabref/gui/worker/MarkEntriesAction.java
394	SpecialFieldDropDown	True	src/main/java/net/sf/jabref/specialfields/SpecialFieldDropDown.java
395	NewVersionDialog	True	src/main/java/net/sf/jabref/gui/help/NewVersionDialog.java
396	BibtexKeyPatternDialog	True	src/main/java/net/sf/jabref/gui/BibtexKeyPatternDialog.java
397	FileHistoryMenu	True	src/main/java/net/sf/jabref/gui/menus/FileHistoryMenu.java
398	SearchWorker	True	src/main/java/net/sf/jabref/gui/search/SearchWorker.java
399	Linux	True	src/main/java/net/sf/jabref/gui/desktop/os/Linux.java
400	PushToApplicationAction	True	src/main/java/net/sf/jabref/external/push/PushToApplicationAction.java
401	FindFullTextAction	True	src/main/java/net/sf/jabref/external/FindFullTextAction.java
402	AllEntriesGroup	True	src/main/java/net/sf/jabref/logic/groups/AllEntriesGroup.java
403	MacAdapter	True	src/main/java/osx/macadapter/MacAdapter.java
404	ScienceDirect	True	src/main/java/net/sf/jabref/logic/fulltext/ScienceDirect.java
405	TransferableEntrySelection	True	src/main/java/net/sf/jabref/gui/groups/TransferableEntrySelection.java
406	UnicodeToLatexFormatter	True	src/main/java/net/sf/jabref/logic/formatter/bibtexfields/UnicodeToLatexFormatter.java
407	VersionWorker	True	src/main/java/net/sf/jabref/gui/worker/VersionWorker.java
408	BibTeXMLHandler	True	src/main/java/net/sf/jabref/importer/fileformat/BibTeXMLHandler.java
409	SearchQueryHighlightObservable	True	src/main/java/net/sf/jabref/logic/search/SearchQueryHighlightObservable.java
410	ChangeEntryTypeMenu	True	src/main/java/net/sf/jabref/gui/menus/ChangeEntryTypeMenu.java
411	SidePaneComponent	True	src/main/java/net/sf/jabref/gui/SidePaneComponent.java
412	Word	True	src/main/java/net/sf/jabref/logic/formatter/casechanger/Word.java
413	IntegrityCheckAction	True	src/main/java/net/sf/jabref/gui/actions/IntegrityCheckAction.java
414	MoveFilesCleanup	True	src/main/java/net/sf/jabref/logic/cleanup/MoveFilesCleanup.java
415	XMLChars	True	src/main/java/net/sf/jabref/logic/layout/format/XMLChars.java
416	BibTeXMLImporter	True	src/main/java/net/sf/jabref/importer/fileformat/BibTeXMLImporter.java
417	GeneralRenderer	True	src/main/java/net/sf/jabref/gui/renderer/GeneralRenderer.java
418	INSPIREBibtexFilterReader	True	src/main/java/net/sf/jabref/importer/fetcher/INSPIREBibtexFilterReader.java
419	AuxParserResult	True	src/main/java/net/sf/jabref/logic/auxparser/AuxParserResult.java
420	BrowseAction	True	src/main/java/net/sf/jabref/gui/actions/BrowseAction.java
421	ListAutoCompleteRenderer	True	src/main/java/net/sf/jabref/gui/autocompleter/ListAutoCompleteRenderer.java
422	OpenFileFilter	True	src/main/java/net/sf/jabref/gui/OpenFileFilter.java
423	WaitForSaveOperation	True	src/main/java/net/sf/jabref/gui/WaitForSaveOperation.java
424	Actions	True	src/main/java/net/sf/jabref/gui/actions/Actions.java
425	CleanupWorker	True	src/main/java/net/sf/jabref/logic/cleanup/CleanupWorker.java
426	SimpleUrlDragDrop	True	src/main/java/net/sf/jabref/gui/entryeditor/SimpleUrlDragDrop.java
427	FileUpdatePanel	True	src/main/java/net/sf/jabref/collab/FileUpdatePanel.java
428	SidePane	True	src/main/java/net/sf/jabref/gui/SidePane.java
429	CookieHandlerImpl	True	src/main/java/net/sf/jabref/logic/net/CookieHandlerImpl.java
430	DuplicationChecker	True	src/main/java/net/sf/jabref/model/database/DuplicationChecker.java
431	CleanupActionsListModel	True	src/main/java/net/sf/jabref/gui/cleanup/CleanupActionsListModel.java
432	DbConnectAction	True	src/main/java/net/sf/jabref/sql/DbConnectAction.java
433	IEEETranEntryTypes	True	src/main/java/net/sf/jabref/model/entry/IEEETranEntryTypes.java
434	KeyBindingRepository	True	src/main/java/net/sf/jabref/gui/keyboard/KeyBindingRepository.java
435	CitationEntry	True	src/main/java/net/sf/jabref/logic/openoffice/CitationEntry.java
436	Formatters	True	src/main/java/net/sf/jabref/logic/formatter/Formatters.java
437	Abbreviation	True	src/main/java/net/sf/jabref/logic/journals/Abbreviation.java
438	NewEntryAction	True	src/main/java/net/sf/jabref/gui/actions/NewEntryAction.java
439	PdfXmpImporter	True	src/main/java/net/sf/jabref/importer/fileformat/PdfXmpImporter.java
440	SpecialFieldAction	True	src/main/java/net/sf/jabref/specialfields/SpecialFieldAction.java
441	TitleParser	True	src/main/java/net/sf/jabref/logic/formatter/casechanger/TitleParser.java
442	JTextFieldChangeListenerUtil	True	src/main/java/net/sf/jabref/gui/search/JTextFieldChangeListenerUtil.java
443	MODSDatabase	True	src/main/java/net/sf/jabref/logic/mods/MODSDatabase.java
444	BibtexPurify	True	src/main/java/net/sf/jabref/bst/BibtexPurify.java
445	IEEE	True	src/main/java/net/sf/jabref/logic/fulltext/IEEE.java
446	ParsedFileField	True	src/main/java/net/sf/jabref/model/entry/ParsedFileField.java
447	PreventDraggingJTableHeader	True	src/main/java/net/sf/jabref/gui/maintable/PreventDraggingJTableHeader.java
448	TagToMarkedTextStore	True	src/main/java/net/sf/jabref/gui/plaintextimport/TagToMarkedTextStore.java
449	HelpAction	True	src/main/java/net/sf/jabref/gui/help/HelpAction.java
450	Iso690NamesAuthors	True	src/main/java/net/sf/jabref/logic/layout/format/Iso690NamesAuthors.java
451	SaveException	True	src/main/java/net/sf/jabref/exporter/SaveException.java
452	AbbreviateAction	True	src/main/java/net/sf/jabref/gui/journals/AbbreviateAction.java
453	DoiResolution	True	src/main/java/net/sf/jabref/logic/fulltext/DoiResolution.java
454	GroupsUtil	True	src/main/java/net/sf/jabref/logic/groups/GroupsUtil.java
455	RemoveBracesFormatter	True	src/main/java/net/sf/jabref/logic/formatter/bibtexfields/RemoveBracesFormatter.java
456	TransferableBibtexEntry	True	src/main/java/net/sf/jabref/gui/TransferableBibtexEntry.java
457	BibLatexEntryType	True	src/main/java/net/sf/jabref/model/entry/BibLatexEntryType.java
458	ErrorConsoleAction	True	src/main/java/net/sf/jabref/gui/actions/ErrorConsoleAction.java
459	ImportFileFilter	True	src/main/java/net/sf/jabref/importer/ImportFileFilter.java
460	KeyBindingTableModel	True	src/main/java/net/sf/jabref/gui/keyboard/KeyBindingTableModel.java
461	Protocol	True	src/main/java/net/sf/jabref/logic/remote/shared/Protocol.java
462	CheckForNewEntryTypesAction	True	src/main/java/net/sf/jabref/importer/CheckForNewEntryTypesAction.java
463	ExportFileFilter	True	src/main/java/net/sf/jabref/exporter/ExportFileFilter.java
464	GetOpenOfficeType	True	src/main/java/net/sf/jabref/logic/layout/format/GetOpenOfficeType.java
465	PageNumbers	True	src/main/java/net/sf/jabref/logic/mods/PageNumbers.java
466	RemoteListenerServer	True	src/main/java/net/sf/jabref/logic/remote/server/RemoteListenerServer.java
467	UnabbreviateAction	True	src/main/java/net/sf/jabref/gui/journals/UnabbreviateAction.java
468	AutoLinkFilesAction	True	src/main/java/net/sf/jabref/gui/actions/AutoLinkFilesAction.java
469	ListSynchronizer	True	src/main/java/net/sf/jabref/gui/maintable/ListSynchronizer.java
470	RegexBasedSearchRule	True	src/main/java/net/sf/jabref/logic/search/rules/RegexBasedSearchRule.java
471	WarnAssignmentSideEffects	True	src/main/java/net/sf/jabref/gui/groups/WarnAssignmentSideEffects.java
472	JTextFieldWithUnfocusedText	True	src/main/java/net/sf/jabref/gui/util/component/JTextFieldWithUnfocusedText.java
473	ParserResultWarningDialog	True	src/main/java/net/sf/jabref/gui/ParserResultWarningDialog.java
474	DoiCleanup	True	src/main/java/net/sf/jabref/logic/cleanup/DoiCleanup.java
475	MinifyNameListFormatter	True	src/main/java/net/sf/jabref/logic/formatter/minifier/MinifyNameListFormatter.java
476	ModsExportFormat	True	src/main/java/net/sf/jabref/exporter/ModsExportFormat.java
477	MSBibExportFormat	True	src/main/java/net/sf/jabref/exporter/MSBibExportFormat.java
478	BibtexTextPrefix	True	src/main/java/net/sf/jabref/bst/BibtexTextPrefix.java
479	KeyBindingsListener	True	src/main/java/net/sf/jabref/gui/keyboard/KeyBindingsListener.java
480	MsBibImporter	True	src/main/java/net/sf/jabref/importer/fileformat/MsBibImporter.java
481	RelativePathsCleanup	True	src/main/java/net/sf/jabref/logic/cleanup/RelativePathsCleanup.java
482	UndoableChangeAssignment	True	src/main/java/net/sf/jabref/gui/groups/UndoableChangeAssignment.java
483	ContainsAndRegexBasedSearchRuleDescriber	True	src/main/java/net/sf/jabref/logic/search/rules/describer/ContainsAndRegexBasedSearchRuleDescriber.java
484	FindFullText	True	src/main/java/net/sf/jabref/logic/fulltext/FindFullText.java
485	QuotedStringTokenizer	True	src/main/java/net/sf/jabref/logic/util/strings/QuotedStringTokenizer.java
486	UndoableKeyChange	True	src/main/java/net/sf/jabref/gui/undo/UndoableKeyChange.java
487	UndoableModifyGroup	True	src/main/java/net/sf/jabref/gui/groups/UndoableModifyGroup.java
488	Windows	True	src/main/java/net/sf/jabref/gui/desktop/os/Windows.java
489	ContainBasedSearchRule	True	src/main/java/net/sf/jabref/logic/search/rules/ContainBasedSearchRule.java
490	DBLPHelper	True	src/main/java/net/sf/jabref/importer/fetcher/DBLPHelper.java
491	Languages	True	src/main/java/net/sf/jabref/logic/l10n/Languages.java
492	SaveAllAction	True	src/main/java/net/sf/jabref/exporter/SaveAllAction.java
493	UndoableMoveGroup	True	src/main/java/net/sf/jabref/gui/groups/UndoableMoveGroup.java
494	BibtexEntryType	True	src/main/java/net/sf/jabref/model/entry/BibtexEntryType.java
495	BuildInfo	True	src/main/java/net/sf/jabref/logic/util/BuildInfo.java
496	EncodingControl	True	src/main/java/net/sf/jabref/logic/l10n/EncodingControl.java
497	GoogleScholar	True	src/main/java/net/sf/jabref/logic/fulltext/GoogleScholar.java
498	RtfSelection	True	src/main/java/net/sf/jabref/exporter/RtfSelection.java
499	SpringerLink	True	src/main/java/net/sf/jabref/logic/fulltext/SpringerLink.java
500	TransferableFileLinkSelection	True	src/main/java/net/sf/jabref/external/TransferableFileLinkSelection.java
501	Cache	True	src/main/java/net/sf/jabref/logic/logging/Cache.java
502	SentenceAnalyzer	True	src/main/java/net/sf/jabref/logic/search/rules/SentenceAnalyzer.java
503	UndoableAbbreviator	True	src/main/java/net/sf/jabref/gui/journals/UndoableAbbreviator.java
504	BiblatexCleanup	True	src/main/java/net/sf/jabref/logic/cleanup/BiblatexCleanup.java
505	ImportInspectionCommandLine	True	src/main/java/net/sf/jabref/importer/ImportInspectionCommandLine.java
506	AbstractParamLayoutFormatter	True	src/main/java/net/sf/jabref/logic/layout/AbstractParamLayoutFormatter.java
507	CreateDocBookAuthors	True	src/main/java/net/sf/jabref/logic/layout/format/CreateDocBookAuthors.java
508	HtmlTransferable	True	src/main/java/net/sf/jabref/gui/fieldeditors/HtmlTransferable.java
509	ISSNChecker	True	src/main/java/net/sf/jabref/logic/integrity/ISSNChecker.java
510	PreviewPanelTransferHandler	True	src/main/java/net/sf/jabref/gui/fieldeditors/PreviewPanelTransferHandler.java
511	URLUtil	True	src/main/java/net/sf/jabref/logic/net/URLUtil.java
512	AttachFileAction	True	src/main/java/net/sf/jabref/external/AttachFileAction.java
513	FileBasedLock	True	src/main/java/net/sf/jabref/logic/util/io/FileBasedLock.java
514	FormatNameFunction	True	src/main/java/net/sf/jabref/bst/FormatNameFunction.java
515	RemoveFromGroupAction	True	src/main/java/net/sf/jabref/gui/groups/RemoveFromGroupAction.java
516	VerifyingWriter	True	src/main/java/net/sf/jabref/exporter/VerifyingWriter.java
517	BibsonomyScraper	True	src/main/java/net/sf/jabref/importer/fetcher/BibsonomyScraper.java
518	OSX	True	src/main/java/net/sf/jabref/gui/desktop/os/OSX.java
519	Ordinal	True	src/main/java/net/sf/jabref/logic/layout/format/Ordinal.java
520	OverlayPanel	True	src/main/java/net/sf/jabref/gui/util/component/OverlayPanel.java
521	BibtexStringComparator	True	src/main/java/net/sf/jabref/logic/bibtex/comparator/BibtexStringComparator.java
522	OrdinalsToSuperscriptFormatter	True	src/main/java/net/sf/jabref/logic/formatter/bibtexfields/OrdinalsToSuperscriptFormatter.java
523	TitleCaseFormatter	True	src/main/java/net/sf/jabref/logic/formatter/casechanger/TitleCaseFormatter.java
524	DatePickerButton	True	src/main/java/net/sf/jabref/gui/date/DatePickerButton.java
525	GlobalSearchWorker	True	src/main/java/net/sf/jabref/gui/search/GlobalSearchWorker.java
526	GuiAppender	True	src/main/java/net/sf/jabref/logic/logging/GuiAppender.java
527	LowerCaseFormatter	True	src/main/java/net/sf/jabref/logic/formatter/casechanger/LowerCaseFormatter.java
528	NewSubDatabaseAction	True	src/main/java/net/sf/jabref/gui/actions/NewSubDatabaseAction.java
529	SpecialFieldUpdateListener	True	src/main/java/net/sf/jabref/specialfields/SpecialFieldUpdateListener.java
530	GroupsParser	True	src/main/java/net/sf/jabref/logic/groups/GroupsParser.java
531	IconComparator	True	src/main/java/net/sf/jabref/gui/util/comparator/IconComparator.java
532	IdentityFormatter	True	src/main/java/net/sf/jabref/logic/formatter/IdentityFormatter.java
533	RemoteListenerClient	True	src/main/java/net/sf/jabref/logic/remote/client/RemoteListenerClient.java
534	UndoableUnabbreviator	True	src/main/java/net/sf/jabref/gui/journals/UndoableUnabbreviator.java
535	FileFinder	True	src/main/java/net/sf/jabref/logic/util/io/FileFinder.java
536	MatcherSet	True	src/main/java/net/sf/jabref/logic/search/matchers/MatcherSet.java
537	StreamEavesdropper	True	src/main/java/net/sf/jabref/logic/error/StreamEavesdropper.java
538	ACS	True	src/main/java/net/sf/jabref/logic/fulltext/ACS.java
539	CanonicalBibtexEntry	True	src/main/java/net/sf/jabref/model/entry/CanonicalBibtexEntry.java
540	EntriesGroupChange	True	src/main/java/net/sf/jabref/logic/groups/EntriesGroupChange.java
541	PasteAction	True	src/main/java/net/sf/jabref/gui/actions/PasteAction.java
542	SortTabsAction	True	src/main/java/net/sf/jabref/gui/actions/SortTabsAction.java
543	AuthorAndsReplacer	True	src/main/java/net/sf/jabref/logic/layout/format/AuthorAndsReplacer.java
544	CopyAction	True	src/main/java/net/sf/jabref/gui/actions/CopyAction.java
545	DefaultDesktop	True	src/main/java/net/sf/jabref/gui/desktop/os/DefaultDesktop.java
546	FieldEditor	True	src/main/java/net/sf/jabref/gui/fieldeditors/FieldEditor.java
547	HTMLParagraphs	True	src/main/java/net/sf/jabref/logic/layout/format/HTMLParagraphs.java
548	UndoableChangeType	True	src/main/java/net/sf/jabref/gui/undo/UndoableChangeType.java
549	DBExporterAndImporterFactory	True	src/main/java/net/sf/jabref/sql/DBExporterAndImporterFactory.java
550	FileNameCleaner	True	src/main/java/net/sf/jabref/logic/util/io/FileNameCleaner.java
551	TextPrefixFunction	True	src/main/java/net/sf/jabref/bst/TextPrefixFunction.java
552	Title	True	src/main/java/net/sf/jabref/logic/formatter/casechanger/Title.java
553	AutoCompleterFactory	True	src/main/java/net/sf/jabref/logic/autocompleter/AutoCompleterFactory.java
554	ChangeCaseFunction	True	src/main/java/net/sf/jabref/bst/ChangeCaseFunction.java
555	CheckBoxMessage	True	src/main/java/net/sf/jabref/gui/util/component/CheckBoxMessage.java
556	ContentAutoCompleters	True	src/main/java/net/sf/jabref/logic/autocompleter/ContentAutoCompleters.java
557	CreateBibORDFAuthors	True	src/main/java/net/sf/jabref/logic/layout/format/CreateBibORDFAuthors.java
558	IntegrityMessage	True	src/main/java/net/sf/jabref/logic/integrity/IntegrityMessage.java
559	RankingFieldComparator	True	src/main/java/net/sf/jabref/gui/util/comparator/RankingFieldComparator.java
560	WrapContent	True	src/main/java/net/sf/jabref/logic/layout/format/WrapContent.java
561	AuthorAndsCommaReplacer	True	src/main/java/net/sf/jabref/logic/layout/format/AuthorAndsCommaReplacer.java
562	BibDatabaseModeDetection	True	src/main/java/net/sf/jabref/model/database/BibDatabaseModeDetection.java
563	CapitalizeFormatter	True	src/main/java/net/sf/jabref/logic/formatter/casechanger/CapitalizeFormatter.java
564	DatabaseSearcher	True	src/main/java/net/sf/jabref/logic/search/DatabaseSearcher.java
565	DefaultAutoCompleter	True	src/main/java/net/sf/jabref/logic/autocompleter/DefaultAutoCompleter.java
566	EntryFetchers	True	src/main/java/net/sf/jabref/importer/fetcher/EntryFetchers.java
567	HighlightMatchingGroupPreferences	True	src/main/java/net/sf/jabref/HighlightMatchingGroupPreferences.java
568	MainTableHeaderRenderer	True	src/main/java/net/sf/jabref/gui/maintable/MainTableHeaderRenderer.java
569	MatchesHighlighter	True	src/main/java/net/sf/jabref/logic/search/MatchesHighlighter.java
570	OSXCompatibleToolbar	True	src/main/java/net/sf/jabref/gui/OSXCompatibleToolbar.java
571	SentenceCaseFormatter	True	src/main/java/net/sf/jabref/logic/formatter/casechanger/SentenceCaseFormatter.java
572	UpperCaseFormatter	True	src/main/java/net/sf/jabref/logic/formatter/casechanger/UpperCaseFormatter.java
573	XMLUtil	True	src/main/java/net/sf/jabref/logic/util/io/XMLUtil.java
574	ClearFormatter	True	src/main/java/net/sf/jabref/logic/formatter/bibtexfields/ClearFormatter.java
575	HtmlToUnicodeFormatter	True	src/main/java/net/sf/jabref/logic/formatter/bibtexfields/HtmlToUnicodeFormatter.java
576	NewDatabaseAction	True	src/main/java/net/sf/jabref/gui/actions/NewDatabaseAction.java
577	NormalizeNamesFormatter	True	src/main/java/net/sf/jabref/logic/formatter/bibtexfields/NormalizeNamesFormatter.java
578	EntryConverter	True	src/main/java/net/sf/jabref/model/entry/EntryConverter.java
579	FieldProperties	True	src/main/java/net/sf/jabref/model/entry/FieldProperties.java
580	FirstColumnComparator	True	src/main/java/net/sf/jabref/gui/util/comparator/FirstColumnComparator.java
581	IfPlural	True	src/main/java/net/sf/jabref/logic/layout/format/IfPlural.java
582	MainTableNameFormatter	True	src/main/java/net/sf/jabref/gui/maintable/MainTableNameFormatter.java
583	PushToLatexEditor	True	src/main/java/net/sf/jabref/external/push/PushToLatexEditor.java
584	BibtexKeyAutoCompleter	True	src/main/java/net/sf/jabref/logic/autocompleter/BibtexKeyAutoCompleter.java
585	CompositeFormat	True	src/main/java/net/sf/jabref/logic/layout/format/CompositeFormat.java
586	EntryType	True	src/main/java/net/sf/jabref/model/entry/EntryType.java
587	FieldNameLabel	True	src/main/java/net/sf/jabref/gui/fieldeditors/FieldNameLabel.java
588	MoveGroupChange	True	src/main/java/net/sf/jabref/logic/groups/MoveGroupChange.java
589	UndoableChangeEntriesOfGroup	True	src/main/java/net/sf/jabref/gui/groups/UndoableChangeEntriesOfGroup.java
590	AutoCompleters	True	src/main/java/net/sf/jabref/logic/autocompleter/AutoCompleters.java
591	DatabaseType	True	src/main/java/net/sf/jabref/sql/DatabaseType.java
592	JournalAbbreviationsUtil	True	src/main/java/net/sf/jabref/gui/journals/JournalAbbreviationsUtil.java
593	OpenBrowserAction	True	src/main/java/net/sf/jabref/gui/actions/OpenBrowserAction.java
594	PurifyFunction	True	src/main/java/net/sf/jabref/bst/PurifyFunction.java
595	WidthFunction	True	src/main/java/net/sf/jabref/bst/WidthFunction.java
596	AuxCommandLine	True	src/main/java/net/sf/jabref/cli/AuxCommandLine.java
597	FieldEditorFocusListener	True	src/main/java/net/sf/jabref/gui/fieldeditors/FieldEditorFocusListener.java
598	GlobalFocusListener	True	src/main/java/net/sf/jabref/gui/GlobalFocusListener.java
599	LocalizationKeyParams	True	src/main/java/net/sf/jabref/logic/l10n/LocalizationKeyParams.java
600	MimeTypeDetector	True	src/main/java/net/sf/jabref/logic/fulltext/MimeTypeDetector.java
601	PushToWinEdt	True	src/main/java/net/sf/jabref/external/push/PushToWinEdt.java
602	SpecialFieldDatabaseChangeListener	True	src/main/java/net/sf/jabref/specialfields/SpecialFieldDatabaseChangeListener.java
603	CrossRefEntryComparator	True	src/main/java/net/sf/jabref/logic/bibtex/comparator/CrossRefEntryComparator.java
604	EntrySorter	True	src/main/java/net/sf/jabref/model/database/EntrySorter.java
605	JabRefLogger	True	src/main/java/net/sf/jabref/logic/logging/JabRefLogger.java
606	JournalAutoCompleter	True	src/main/java/net/sf/jabref/logic/autocompleter/JournalAutoCompleter.java
607	PushToTexmaker	True	src/main/java/net/sf/jabref/external/push/PushToTexmaker.java
608	PushToTeXstudio	True	src/main/java/net/sf/jabref/external/push/PushToTeXstudio.java
609	RemoteListenerServerThread	True	src/main/java/net/sf/jabref/logic/remote/server/RemoteListenerServerThread.java
610	Replace	True	src/main/java/net/sf/jabref/logic/layout/format/Replace.java
611	TeeStream	True	src/main/java/net/sf/jabref/logic/error/TeeStream.java
612	EntireFieldAutoCompleter	True	src/main/java/net/sf/jabref/logic/autocompleter/EntireFieldAutoCompleter.java
613	FieldChangedEvent	True	src/main/java/net/sf/jabref/event/FieldChangedEvent.java
614	HandleDuplicateWarnings	True	src/main/java/net/sf/jabref/importer/HandleDuplicateWarnings.java
615	JabRefMessageHandler	True	src/main/java/net/sf/jabref/gui/remote/JabRefMessageHandler.java
616	ManageJournalsAction	True	src/main/java/net/sf/jabref/gui/journals/ManageJournalsAction.java
617	RemoveTilde	True	src/main/java/net/sf/jabref/logic/layout/format/RemoveTilde.java
618	SearchDescribers	True	src/main/java/net/sf/jabref/logic/search/rules/describer/SearchDescribers.java
619	SearchMode	True	src/main/java/net/sf/jabref/gui/search/SearchMode.java
620	AuthorOrgSci	True	src/main/java/net/sf/jabref/logic/layout/format/AuthorOrgSci.java
621	CaseChangeMenu	True	src/main/java/net/sf/jabref/gui/fieldeditors/contextmenu/CaseChangeMenu.java
622	DragDropPopupPane	True	src/main/java/net/sf/jabref/gui/DragDropPopupPane.java
623	FocusRequester	True	src/main/java/net/sf/jabref/gui/util/FocusRequester.java
624	Iso690FormatDate	True	src/main/java/net/sf/jabref/logic/layout/format/Iso690FormatDate.java
625	MSBibEntryType	True	src/main/java/net/sf/jabref/logic/msbib/MSBibEntryType.java
626	BibDatabases	True	src/main/java/net/sf/jabref/model/database/BibDatabases.java
627	FieldComparatorStack	True	src/main/java/net/sf/jabref/logic/bibtex/comparator/FieldComparatorStack.java
628	IdGenerator	True	src/main/java/net/sf/jabref/model/entry/IdGenerator.java
629	LocalizationKey	True	src/main/java/net/sf/jabref/logic/l10n/LocalizationKey.java
630	ProxyAuthenticator	True	src/main/java/net/sf/jabref/logic/net/ProxyAuthenticator.java
631	PushToApplication	True	src/main/java/net/sf/jabref/external/push/PushToApplication.java
632	PushToApplications	True	src/main/java/net/sf/jabref/external/push/PushToApplications.java
633	AboutAction	True	src/main/java/net/sf/jabref/gui/help/AboutAction.java
634	ChangeTypeAction	True	src/main/java/net/sf/jabref/gui/actions/ChangeTypeAction.java
635	ConversionMenu	True	src/main/java/net/sf/jabref/gui/fieldeditors/contextmenu/ConversionMenu.java
636	DBImporterResult	True	src/main/java/net/sf/jabref/sql/importer/DBImporterResult.java
637	Formatter	True	src/main/java/net/sf/jabref/logic/formatter/Formatter.java
638	HitOrMissComparator	True	src/main/java/net/sf/jabref/gui/search/HitOrMissComparator.java
639	LastPage	True	src/main/java/net/sf/jabref/logic/layout/format/LastPage.java
640	SearchRules	True	src/main/java/net/sf/jabref/logic/search/rules/SearchRules.java
641	CopyVersionToClipboardAction	True	src/main/java/net/sf/jabref/gui/actions/CopyVersionToClipboardAction.java
642	EntryAddedEvent	True	src/main/java/net/sf/jabref/event/EntryAddedEvent.java
643	RemoveWhitespace	True	src/main/java/net/sf/jabref/logic/layout/format/RemoveWhitespace.java
644	RisMonth	True	src/main/java/net/sf/jabref/logic/layout/format/RisMonth.java
645	SpecialFieldMenuAction	True	src/main/java/net/sf/jabref/specialfields/SpecialFieldMenuAction.java
646	DOICheck	True	src/main/java/net/sf/jabref/logic/layout/format/DOICheck.java
647	Encodings	True	src/main/java/net/sf/jabref/logic/l10n/Encodings.java
648	FirstPage	True	src/main/java/net/sf/jabref/logic/layout/format/FirstPage.java
649	IExportFormat	True	src/main/java/net/sf/jabref/exporter/IExportFormat.java
650	IncompleteRenderer	True	src/main/java/net/sf/jabref/gui/renderer/IncompleteRenderer.java
651	MonitoredURLDownload	True	src/main/java/net/sf/jabref/gui/net/MonitoredURLDownload.java
652	NotFoundFormatter	True	src/main/java/net/sf/jabref/logic/layout/format/NotFoundFormatter.java
653	ProxyRegisterer	True	src/main/java/net/sf/jabref/logic/net/ProxyRegisterer.java
654	RemoveBracketsAddComma	True	src/main/java/net/sf/jabref/logic/layout/format/RemoveBracketsAddComma.java
655	AndMatcher	True	src/main/java/net/sf/jabref/logic/search/matchers/AndMatcher.java
656	AutoCompleteRenderer	True	src/main/java/net/sf/jabref/gui/autocompleter/AutoCompleteRenderer.java
657	CurrentDate	True	src/main/java/net/sf/jabref/logic/layout/format/CurrentDate.java
658	KeyBinder	True	src/main/java/net/sf/jabref/gui/keyboard/KeyBinder.java
659	KeyCollisionException	True	src/main/java/net/sf/jabref/model/database/KeyCollisionException.java
660	OrMatcher	True	src/main/java/net/sf/jabref/logic/search/matchers/OrMatcher.java
661	UndefinedBibtexEntry	True	src/main/java/net/sf/jabref/gui/openoffice/UndefinedBibtexEntry.java
662	Database	True	src/main/java/net/sf/jabref/sql/Database.java
663	GroupHierarchyType	True	src/main/java/net/sf/jabref/logic/groups/GroupHierarchyType.java
664	JournalAbbreviator	True	src/main/java/net/sf/jabref/logic/layout/format/JournalAbbreviator.java
665	MatcherSets	True	src/main/java/net/sf/jabref/logic/search/matchers/MatcherSets.java
666	NotMatcher	True	src/main/java/net/sf/jabref/logic/search/matchers/NotMatcher.java
667	RemoveBrackets	True	src/main/java/net/sf/jabref/logic/layout/format/RemoveBrackets.java
668	SearchForUpdateAction	True	src/main/java/net/sf/jabref/gui/actions/SearchForUpdateAction.java
669	CompleteRenderer	True	src/main/java/net/sf/jabref/gui/renderer/CompleteRenderer.java
670	Default	True	src/main/java/net/sf/jabref/logic/layout/format/Default.java
671	StringLengthComparator	True	src/main/java/net/sf/jabref/logic/util/strings/StringLengthComparator.java
672	DOIStrip	True	src/main/java/net/sf/jabref/logic/layout/format/DOIStrip.java
673	KeyBindingTable	True	src/main/java/net/sf/jabref/gui/keyboard/KeyBindingTable.java
674	Number	True	src/main/java/net/sf/jabref/logic/layout/format/Number.java
675	AutoCompleter	True	src/main/java/net/sf/jabref/logic/autocompleter/AutoCompleter.java
676	BibEntryNotFoundException	True	src/main/java/net/sf/jabref/gui/openoffice/BibEntryNotFoundException.java
677	CreateDocBookEditors	True	src/main/java/net/sf/jabref/logic/layout/format/CreateDocBookEditors.java
678	EntryEvent	True	src/main/java/net/sf/jabref/event/EntryEvent.java
679	IsMarkedComparator	True	src/main/java/net/sf/jabref/gui/util/comparator/IsMarkedComparator.java
680	ToLowerCase	True	src/main/java/net/sf/jabref/logic/layout/format/ToLowerCase.java
681	ToUpperCase	True	src/main/java/net/sf/jabref/logic/layout/format/ToUpperCase.java
682	UndefinedCharacterFormatException	True	src/main/java/net/sf/jabref/gui/openoffice/UndefinedCharacterFormatException.java
683	UndefinedParagraphFormatException	True	src/main/java/net/sf/jabref/logic/openoffice/UndefinedParagraphFormatException.java
684	AuthorAbbreviator	True	src/main/java/net/sf/jabref/logic/layout/format/AuthorAbbreviator.java
685	AuthorLF_FF	True	src/main/java/net/sf/jabref/logic/layout/format/AuthorLF_FF.java
686	AuthorLF_FFAbbr	True	src/main/java/net/sf/jabref/logic/layout/format/AuthorLF_FFAbbr.java
687	EverythingMatcher	True	src/main/java/net/sf/jabref/gui/search/matchers/EverythingMatcher.java
688	GroupMatcher	True	src/main/java/net/sf/jabref/gui/groups/GroupMatcher.java
689	SearchMatcher	True	src/main/java/net/sf/jabref/gui/search/matchers/SearchMatcher.java
690	AuthorFirstAbbrLastCommas	True	src/main/java/net/sf/jabref/logic/layout/format/AuthorFirstAbbrLastCommas.java
691	AuthorFirstAbbrLastOxfordCommas	True	src/main/java/net/sf/jabref/logic/layout/format/AuthorFirstAbbrLastOxfordCommas.java
692	AuthorFirstFirst	True	src/main/java/net/sf/jabref/logic/layout/format/AuthorFirstFirst.java
693	AuthorFirstFirstCommas	True	src/main/java/net/sf/jabref/logic/layout/format/AuthorFirstFirstCommas.java
694	AuthorFirstLastCommas	True	src/main/java/net/sf/jabref/logic/layout/format/AuthorFirstLastCommas.java
695	AuthorFirstLastOxfordCommas	True	src/main/java/net/sf/jabref/logic/layout/format/AuthorFirstLastOxfordCommas.java
696	AuthorLastFirst	True	src/main/java/net/sf/jabref/logic/layout/format/AuthorLastFirst.java
697	AuthorLastFirstAbbrCommas	True	src/main/java/net/sf/jabref/logic/layout/format/AuthorLastFirstAbbrCommas.java
698	AuthorLastFirstAbbrOxfordCommas	True	src/main/java/net/sf/jabref/logic/layout/format/AuthorLastFirstAbbrOxfordCommas.java
699	AuthorLastFirstCommas	True	src/main/java/net/sf/jabref/logic/layout/format/AuthorLastFirstCommas.java
700	AuthorLastFirstOxfordCommas	True	src/main/java/net/sf/jabref/logic/layout/format/AuthorLastFirstOxfordCommas.java
701	AuthorNatBib	True	src/main/java/net/sf/jabref/logic/layout/format/AuthorNatBib.java
702	FullTextFinder	True	src/main/java/net/sf/jabref/logic/fulltext/FullTextFinder.java
703	IdComparator	True	src/main/java/net/sf/jabref/logic/bibtex/comparator/IdComparator.java
704	StringInt	True	src/main/java/net/sf/jabref/logic/layout/StringInt.java
705	AuthorLastFirstAbbreviator	True	src/main/java/net/sf/jabref/logic/layout/format/AuthorLastFirstAbbreviator.java
706	CleanupJob	True	src/main/java/net/sf/jabref/logic/cleanup/CleanupJob.java
707	FormatPagesForHTML	True	src/main/java/net/sf/jabref/logic/layout/format/FormatPagesForHTML.java
708	FormatPagesForXML	True	src/main/java/net/sf/jabref/logic/layout/format/FormatPagesForXML.java
709	NoSpaceBetweenAbbreviations	True	src/main/java/net/sf/jabref/logic/layout/format/NoSpaceBetweenAbbreviations.java
710	EntryChangedEvent	True	src/main/java/net/sf/jabref/event/EntryChangedEvent.java
711	EntryRemovedEvent	True	src/main/java/net/sf/jabref/event/EntryRemovedEvent.java
712	PrefsTab	True	src/main/java/net/sf/jabref/gui/preftabs/PrefsTab.java
713	SearchQueryHighlightListener	True	src/main/java/net/sf/jabref/logic/search/SearchQueryHighlightListener.java
714	UnknownExternalFileType	True	src/main/java/net/sf/jabref/external/UnknownExternalFileType.java
715	UnsupportedVersionException	True	src/main/java/net/sf/jabref/logic/groups/UnsupportedVersionException.java
716	AutoCompleteFirstNameMode	True	src/main/java/net/sf/jabref/logic/autocompleter/AutoCompleteFirstNameMode.java
717	ConfirmCloseFileListEntryEditor	True	src/main/java/net/sf/jabref/external/ConfirmCloseFileListEntryEditor.java
718	ConnectionLostException	True	src/main/java/net/sf/jabref/gui/openoffice/ConnectionLostException.java
719	EntryContainer	True	src/main/java/net/sf/jabref/gui/EntryContainer.java
720	ImportInspector	True	src/main/java/net/sf/jabref/importer/ImportInspector.java
721	NoDocumentException	True	src/main/java/net/sf/jabref/gui/openoffice/NoDocumentException.java
722	OutputPrinter	True	src/main/java/net/sf/jabref/importer/OutputPrinter.java
723	RemoteUtil	True	src/main/java/net/sf/jabref/logic/remote/RemoteUtil.java
724	SearchRule	True	src/main/java/net/sf/jabref/logic/search/rules/SearchRule.java
725	VMException	True	src/main/java/net/sf/jabref/bst/VMException.java
726	BaseAction	True	src/main/java/net/sf/jabref/gui/actions/BaseAction.java
727	CallBack	True	src/main/java/net/sf/jabref/gui/worker/CallBack.java
728	FileUpdateListener	True	src/main/java/net/sf/jabref/collab/FileUpdateListener.java
729	LayoutFormatter	True	src/main/java/net/sf/jabref/logic/layout/LayoutFormatter.java
730	MessageHandler	True	src/main/java/net/sf/jabref/logic/remote/server/MessageHandler.java
731	SearchDescriber	True	src/main/java/net/sf/jabref/logic/search/rules/describer/SearchDescriber.java
732	Warn	True	src/main/java/net/sf/jabref/bst/Warn.java
733	EncryptedPdfsNotSupportedException	True	src/main/java/net/sf/jabref/logic/xmp/EncryptedPdfsNotSupportedException.java
734	ParamLayoutFormatter	True	src/main/java/net/sf/jabref/logic/layout/ParamLayoutFormatter.java
735	Worker	True	src/main/java/net/sf/jabref/gui/worker/Worker.java
